id,type,name,price,description,img_src
10001,tart,cannoli tart,10.99,Cream-filled tart,http://www.publix.com/images/products/90000/094051-600x600-A.jpg
10002,tart,oblong berry european tart,9.99,"Berry European Cream Tart made from buttery dough shell, filled with delectable cream and garnished with fresh blueberries and raspberries.",http://www.publix.com/images/products/20000/021469-600x600-A.jpg
10003,tart,oblong chocolate ganache tart,9.99,"Strawberry ganache tart made with buttery tart dough, filled with European cream and fresh strawberry filling, and garnished with chocolate ganache.",http://www.publix.com/images/products/90000/094912-600x600-A.jpg
10004,tart,round european cream pineapple tart,11.99,Pineapple Berry Tart filled with delectable European cream and garnished with fresh pineapple and berries.,http://www.publix.com/images/products/90000/093641-600x600-A.jpg
10005,tart,round european cream triple berry tart,11.99,"Triple-Berry Tart baked to perfection, fully topped with fruits and garnished with dark chocolate.",http://www.publix.com/images/products/90000/091092-600x600-A.jpg
10006,pie,apple pie,5.59,"The classic. Made with Crispin and Greening apples and cinnamon, with plenty of chunks of fruit in the filling. Baked fresh in bakery.",http://www.publix.com/images/products/90000/094240-600x600-A.jpg
10007,pie,dutch apple pie,5.59,"The classic twist. Made with Crispin and Greening apples and cinnamon, loaded with chunks of fruit in the filling and topped with toasted streusel. Baked fresh in bakery.",http://www.publix.com/images/products/90000/094241-600x600-A.jpg
10008,pie,small apple pie,3.39,"Made with sugar and the perfect blend of spices, baked fresh daily in our traditional flaky crust.",http://www.publix.com/images/products/90000/094245-600x600-A.jpg
10009,pie,small dutch apple pie,3.39,"The classic twist. Made with Crispin and Greening apples and cinnamon, loaded with chunks of fruit in the filling and topped with toasted streusel.",http://www.publix.com/images/products/90000/094246-600x600-A.jpg
10010,pie,small cherry pie,3.39,Flaky crust filled with delicious cherries.,http://www.publix.com/images/products/90000/094248-600x600-A.jpg
10011,pie,small peach pie,3.39,The perfect size. Our flaky crust is filled with luscious peaches and baked fresh every day.,http://www.publix.com/images/products/90000/094247-600x600-A.jpg
10012,pie,lemon meringue pie,8.29,"This classic creation features smooth lemon filling that's not too tart and not too sweet, topped with freshly made meringue.",http://www.publix.com/images/products/15000/019540-600x600-A.jpg
10013,pie,key lime pie,8.29,"With its real graham-cracker crust and authentic Key lime filling, it’s the perfect ending to a perfect meal.",http://www.publix.com/images/products/95000/095448-600x600-A.jpg
10014,pie,sweet potato pie,8.69,"Made using fresh sweet potatoes and just the right amount of spices, this pie is baked fresh daily so you can enjoy it all fall.",http://www.publix.com/images/products/95000/095490-600x600-A.jpg
10015,pie,coconut custard pie,9.99,"Cuckoo for coconut? You'll love this creamy and wonderfully sweet custard pie, filled with lots of coconut and baked fresh store.",http://www.publix.com/images/products/95000/095468-600x600-A.jpg
10016,cake,chocolate ganache supreme cake,24.99,"Four layers of chocolate or vanilla cake, chocolate or vanilla whipped topping, and chocolate ganache icing wrapped with ribbons of fudge.",http://www.publix.com/images/products/90000/094085-600x600-A.jpg
10017,cake,southern style red velvet cake,24.99,Four layers of moist red velvet cake filled and covered with smooth cream cheese icing.,http://www.publix.com/images/products/70000/071646-600x600-A.jpg
10018,cake,chantilly cake,25.99,"Carefully handcrafted with vanilla cake, almond flavoring, and Chantilly-mascarpone cream frosting to be delicious.",http://www.publix.com/images/products/85000/085054-600x600-A.jpg
10019,cake,strawberry limonata cake,25.99,"The Strawberry Limonata cake has three layers of vanilla cake filled with lemon filling, fresh chopped strawberries, and lemon zest.",http://www.publix.com/images/products/90000/094991-600x600-A.jpg
10020,cake,dulce de leche torte,19.99,A three-layer vanilla cake layered with dulce de leche whipped topping and filling lies beneath dulce de leche whipped topping garnished with toasted almonds.,http://www.publix.com/images/products/10000/013220-600x600-A.jpg
10021,cake,carrot torte cake,24.99,Four moist layers of delectable carrot cake separated by luscious cream cheese icing.,http://www.publix.com/images/products/15000/019493-600x600-A.jpg
10022,cake,raspberry elegance cake,24.99,four layers of moist vanilla cake and a luscious raspberry filling.,http://www.publix.com/images/products/15000/016479-600x600-A.jpg
10023,cake,chocolate avalanche cake,23.99,Rich chocolate fudge icing tops three layers of moist chocolate cake and strawberry glaze.,http://www.publix.com/images/products/15000/019494-600x600-A.jpg
10024,cake,chocolate lovers delight cake,23.99,"Four layers of moist chocolate cake are filled and frosted with our rich chocolate fudge icing, and then topped with ganache and glazed strawberries",http://www.publix.com/images/products/15000/019496-600x600-A.jpg
10025,cake,strawberry peach sensation,24.99,"Beneath this dessert's beautiful presentation awaits three moist layers of vanilla cake, sweet Bavarian cream, and vanilla whipped topping.",http://www.publix.com/images/products/90000/094137-600x600-A.jpg
10026,cake,caramel pecan crunch cake,25.99,"Your choice of chocolate or vanilla cake, each of the four layers is filled with caramel icing with crushed toasted pecans sprinkled between.",http://www.publix.com/images/products/90000/094301-600x600-A.jpg
10027,cake,cassata torte,23.99,"Beneath a cloud of vanilla whipped topping lie three layers of rum-flavored vanilla cake, luscious chocolate rum filling, and cannoli cream.",http://www.publix.com/images/products/15000/019495-600x600-A.jpg
10028,cake,chocolate ganache grandeur cake,23.99,"Underneath rich chocolate ganache, white and dark chocolate pieces, and fudge rosettes lies a four-layer cake made just the way you like.",http://www.publix.com/images/products/90000/094130-600x600-A.jpg
10029,cake,ebony and ivory cake,23.99,Four alternating vanilla and chocolate cake layers filled with alternating layers of vanilla custard and chocolate pudding.,http://www.publix.com/images/products/15000/019498-600x600-A.jpg
10030,cake,fruit-filled brown derby cake,23.99,"Fresh strawberries and bananas, and succulent peach slices fill this delicious two-layer chocolate cake.",http://www.publix.com/images/products/15000/016473-600x600-A.jpg
10031,cake,midnight fudge fantasy cake,24.99,"Drenched in rich chocolate fudge, each of the four layers of this moist and delicious chocolate or vanilla cake is filled with more chocolate fudge",http://www.publix.com/images/products/90000/094254-600x600-A.jpg
10032,cake,strawberry elegance cake,23.99,"Layers of vanilla or chocolate cake filled with vanilla custard or chocolate pudding, iced with fresh chocolate or vanilla whipped topping, and topped with chocolate ganache and glazed strawberries.",http://www.publix.com/images/products/15000/019502-600x600-A.jpg
10033,cake,strawberry sensation cake,23.99,"Your choice of vanilla or chocolate cake filled with vanilla custard, strawberry glaze, and fresh strawberries.",http://www.publix.com/images/products/15000/019504-600x600-A.jpg
10034,cookie,chocolate chip message cookie,8.99,Every party is better with a Publix decorated cookie! Let our skilled decorators create perfection for your celebration. You choose a personalized message and we make it gorgeous and delicious!,http://www.publix.com/images/products/10000/011878-600x600-A.jpg
10035,cookie,decorated cookie cake,8.99,Prepared with our exclusive cookie recipe (baked fresh in our Bakery).,http://www.publix.com/images/products/95000/095507-600x600-A.jpg
10036,cookie,chocolate-chip cookies,7.99,"Baked fresh daily, Publix Bakery traditional chocolate chip cookies are made with lots and lots of chocolate chips.",http://www.publix.com/images/products/90000/092634-600x600-A.jpg
10037,cookie,sugar cookies,7.99,"Baked fresh daily, our traditional sugar cookies are made with eggs, milk, margarine, and sugar for much-loved flavor.",http://www.publix.com/images/products/90000/092636-600x600-A.jpg
10038,cookie,oatmeal raisin cookies,7.99,"Baked fresh daily, Publix Bakery oatmeal cookies are made with butter, margarine, fresh eggs, milk, and flour, to which we add old-fashioned oats, and sweeten with brown sugar and honey.",http://www.publix.com/images/products/90000/093614-600x600-A.jpg
10039,cookie,peanut butter cookies,7.99,"Baked fresh every day by skilled bakers. If you haven't had a few with a tall glass of milk, you're really missing out.",http://www.publix.com/images/products/15000/016863-600x600-A.jpg
10040,cookie,heath bar cookies,6.99,delicious toffee cookies,http://www.publix.com/images/products/90000/094887-600x600-A.jpg
10041,cookie,chocolate chip m&m cookies,6.99,"Baked fresh daily, this true baker's dozen contains an extra one for good measure!",http://www.publix.com/images/products/90000/094607-600x600-A.jpg
10042,cookie,assorted cookies,7.99,"2 dozen chocolate chip, sugar, oatmeal raisin, and peanut butter cooies.",http://www.publix.com/images/products/95000/095285-600x600-A.jpg
10043,bread,assorted donut holes platter,24.99,"A real crowd-pleaser. Includes powdered sugar, cinnamon sugar and chocolate enrobed donut holes.",http://www.publix.com/images/products/10000/011833-600x600-A.jpg
10044,bread,assorted fruit/nut danish platter,22.99,A platter of assorted classic Danish pastries is a surefire crowd-pleaser.,http://www.publix.com/images/products/95000/099450-600x600-A.jpg
10045,tart,fresh fruit tart platter,18.99,"Fresh Fruit Tarts filled with decadent European cream mixed from a family recipe passed down for generations, available for special order in mini kiwi berry, mini orange berry, and mini chocolate ganache.",http://www.publix.com/images/products/70000/070302-600x600-A.jpg
10046,cookie,gourmet cookie platter,16.99,"A delicious array with something for everyone. Calypso Crunch and three kinds of cookie bites: Chunky Chocolate Chipper, macadamia, and Triple Ripple.",http://www.publix.com/images/products/95000/099598-600x600-A.jpg
10047,cake,loaf cake platter,12.99,"Your choice of two flavored sliced loaf cakes. Choose from Butter Pound, Banana Walnut, or Cranberry Pecan.",http://www.publix.com/images/products/95000/096667-600x600-A.jpg
10048,bread,combo breakfast platter,18.99," A variety of donut holes: powdered sugar and cinnamon sugar. Blueberry, lemon poppy seed, and orange muffins.",http://www.publix.com/images/products/95000/099368-600x600-A.jpg
10049,bread,mini croissant and bagelettes platter,15.99,Mini Croissants and Bagelettes with Cream Cheese. Buttery little croissants and miniature bagels served with cream cheese: sure to be well received by any group.,http://www.publix.com/images/products/15000/016388-600x600-A.jpg
10050,cake,mini muffin platter,27.99,"An abundance of small muffins in three delicious flavors: orange, lemon poppy seed, and blueberry.",http://www.publix.com/images/products/15000/019572-600x600-A.jpg
10051,cake,daisy's red velvet cake,49.95,Daisy's Red Velvet Cake is a beautiful ruby red hue coated with not-to-sweet cream cheese icing.,https://cdn.shopify.com/s/files/1/2471/1240/products/daisy-cakes-four-layer-redvelvet-ribbon_920x.jpg?v=1521787860
10052,cake,daisy's carrot cake,49.95,"With a full POUND of carrots, our four tiers of Daisy's classic cake are incredibly moist.",https://cdn.shopify.com/s/files/1/2471/1240/products/daisy-cakes-four-layer-carrot-ribbon_920x.jpg?v=1521787289
10053,cake,daisy's coconut cake,49.95,Four tiers of Daisy's classic dense and moist cake is perfectly complemented by layers of fresh coconut milk buttercream icing.,https://cdn.shopify.com/s/files/1/2471/1240/products/daisy-cakes-four-layer-coconut_100x.jpg?v=1521788361
10054,cake,daisy's lemon cake,49.95,Sandwiched in between four tiers of delightfully delicate cake is a layer of our bright handmade lemon curd.,https://cdn.shopify.com/s/files/1/2471/1240/products/daisy-cakes-four-layer-lemon-ribbon_1770d455-a8e9-4dc2-9e9a-ec5facfea6cc_920x.jpg?v=1521786108
10055,cake,daisy's chocolate cake,49.95,"Each of our four tiers of classic chocolate cake are moist, rich and luscious.",https://cdn.shopify.com/s/files/1/2471/1240/products/daisy-cakes-four-layer-carrot-chocolate_920x.jpg?v=1521786570
10056,cake,mama's plain pound cake,49.95,Mama's classic pound cake makes an amazing base for a variety of flavors and it tastes amazing all on its own.,https://cdn.shopify.com/s/files/1/2471/1240/products/Daisy-Cakes-Mamas-Plain-Pound-Cake-DaisyCakes0238_1_920x.jpg?v=1528968258
10057,cake,carolina's kiss chocolate coconut cake,59.95,moist coconut cake layers,https://cdn.shopify.com/s/files/1/2471/1240/products/daisy-cakes-carolina-kiss-july-cake-of-the-month_920x.jpg?v=1519268361
10058,cake,daisy's gluten-free carrot cake,69.95,"With a full POUND of carrots, this two tier version of Daisy's classic cake is incredibly moist.",https://cdn.shopify.com/s/files/1/2471/1240/products/daisy-cakes-two-layer-carrot-gluten-free_920x.jpg?v=1521825582
10059,cake,daisy's gluten-free chocolate cake,69.95,"Each layer of chocolate cake is moist, rich and luscious.",https://cdn.shopify.com/s/files/1/2471/1240/products/daisy-cakes-two-layer-chocolate-gluten-free_920x.jpg?v=1521825499
10060,cake,banana walnut pound cake,49.95,made with fresh bananas and toasted walnuts.,https://cdn.shopify.com/s/files/1/2471/1240/products/daisy-cakes-banana-walnut-pound-cake-1024x1024_920x.jpg?v=1519267465
10061,cake,strawberry and white chocolate cake,59.95,Sandwiched between layers of moist strawberry cake is our strawberry curd.,https://cdn.shopify.com/s/files/1/2471/1240/products/Chocolate-Strawberry-Dazzle-DaisyCakesSpring2016_-71_920x.jpg?v=1519264086
10062,cake,mint chocolate cake,59.95,"We bake our devil's food cake layers and cover them, inside and out, with our white chocolate mint",https://cdn.shopify.com/s/files/1/2471/1240/products/White-Chocolate-Mint-DaisyCakesSpring2016_-58_1_920x.jpg?v=1519266596
10063,cake,oh! oh! orange cake,59.95,"has a hint of pure orange flavor. Fresh, light, delicious and perfect for springtime!",https://cdn.shopify.com/s/files/1/2471/1240/products/daisy-cakes-orange-cake-april-cake-of-the-month_920x.jpg?v=1519268569
10064,cake,florida key lime pound cake,49.95,we use Authentic Florida Key West Lime Juice to make this pound cake.,https://cdn.shopify.com/s/files/1/2471/1240/products/daisy-cakes-florida-key-lime-pound-cake-may-cake-of-the-month_920x.jpg?v=1519268798
10065,cake,pina colada pineapple rum cake,59.95,delicious coconut cake with rum extract in the frosting and a cooked pineapple filling between the layers.,https://cdn.shopify.com/s/files/1/2471/1240/products/daisy-cakes-pina-colada-june-cake-of-the-month_920x.jpg?v=1519269254
10066,cake,south carolina peaches and cream cake,59.95,"yellow cake layers are spread with our ""bits-of-peaches"" filling.",https://cdn.shopify.com/s/files/1/2471/1240/products/daisy-cakes-peaches-n-cream-august-cake-of-the-month_920x.jpg?v=1519272228
10067,cake,caramel apple cake,59.95,Our Apple Caramel Cake features fresh apples baked right in the cake,https://cdn.shopify.com/s/files/1/2471/1240/products/daisy-cakes-caramel-apple-september-cake-of-the-month_920x.jpg?v=1519272462
10068,cake,chocolate peanut butter cake,59.95,we've combined Peanut Butter & Chocolate - two classic sweet and salty flavors to make a true taste sensation!,https://cdn.shopify.com/s/files/1/2471/1240/products/daisy-cakes-peanut-butter-chocolate-october-cake-of-the-month_920x.jpg?v=1519271343
10069,cake,pumpkin pound cake,49.95,caramel and cream cheese filling,https://cdn.shopify.com/s/files/1/2471/1240/products/daisy-cakes-pumpkin-pie-pound-cake_b73b1c93-1c74-4401-9af9-fed760c09f63_920x.jpg?v=1519271751
10070,cake,spiced gingerbread and eggnog cake,59.95,"moist, delicious gingerbread cake with the perfect amount of spices",https://cdn.shopify.com/s/files/1/2471/1240/products/daisy-cakes-gingerbread-december-cake-of-the-month_920x.jpg?v=1519267917
10071,cake,daisy's happy birthday minikins,49.95,"""The Original Daisy Cake"" in a handheld portion!",https://cdn.shopify.com/s/files/1/2471/1240/products/daisy-cakes-happy-birthday-minikins-3796_920x.jpg?v=1518630235
10072,cake,chocolate and marshmallow fluff minikins,49.95,Bring home the taste of Daisy's classic cake in a handheld portion!,https://cdn.shopify.com/s/files/1/2471/1240/products/daisy-cakes-chocolate-a-fluff-marshmallow-minikins-3792_920x.jpg?v=1518630210
10073,cake,feeling groovy minikins,49.95,yellow cake with chocolate icing.,https://cdn.shopify.com/s/files/1/2471/1240/products/daisy-cakes-feeling-groovy-minikins-246_920x.jpg?v=1528938809
10074,cake,german chocolate and salted caramel minikins,49.95,This decadent pairing of Traditional German Chocolate Cake & Salted Caramel Cake in a hand-held portion!,https://cdn.shopify.com/s/files/1/2471/1240/products/daisy-cakes-german-chocolate-salted-caramel-minikins-3812_920x.jpg?v=1519136360
10075,cake,apple pie moonshine minikins,49.95,"Made with genuine South Carolina Apple Pie Moonshine, our moist and delicious apple cake",https://cdn.shopify.com/s/files/1/2471/1240/products/daisy-cakes-apple-pie-moonshine_920x.jpg?v=1524805039
10076,cake,margarita minikins,49.95,The buttercream icing has a big splash of tequila and triple-sec liqueur along with a little salt.,https://cdn.shopify.com/s/files/1/2471/1240/products/daisy-cakes-margarita-minikins-004_920x.jpg?v=1528275370
10077,cake,apple berry crisp cakes,39.95,Imagine fresh apples mixed with blueberries and cranberries in a shortbread crust. Now top it off with streusel crumbs and caramel.,https://www.carouselcakes.com/media/catalog/product/cache/1/thumbnail/120x150/9df78eab33525d08d6e5fb8d27136e95/c/a/cakes-apple-berry-crisp_1.jpg
10078,pie,apple crumb pie,26.95,We've baked delicious cinnamon apples in a flaky homemade cookie pie crust all topped with streusel crumbs.,https://www.carouselcakes.com/media/catalog/product/cache/1/thumbnail/120x150/9df78eab33525d08d6e5fb8d27136e95/p/i/pie-apple-crumb.jpg
10079,pie,apple pie,26.95,Our apples are cooked to perfection and the seasoning is just right. It is also available in cherry and blueberry.,https://www.carouselcakes.com/media/catalog/product/cache/1/thumbnail/120x150/9df78eab33525d08d6e5fb8d27136e95/p/i/pie-apple_3.jpg
10080,cake,baileys espresso cream cake,39.95,"With original Baileys mousse filling and a delicate espresso cream,",https://www.carouselcakes.com/media/catalog/product/cache/1/thumbnail/120x150/9df78eab33525d08d6e5fb8d27136e95/c/a/cakes-baileys.jpg
10081,cake,black and white mousse supreme,39.95,"We start with rich chocolate mousse, we then add creamy white chocolate mousse and top it all off with chocolate ganache.",https://www.carouselcakes.com/media/catalog/product/cache/1/thumbnail/120x150/9df78eab33525d08d6e5fb8d27136e95/c/a/cakes-bw-mousse.jpg
10082,cake,black forest cake,39.95,"We take two layers of moist light chocolate cake and one layer of custard,",https://www.carouselcakes.com/media/catalog/product/cache/1/thumbnail/120x150/9df78eab33525d08d6e5fb8d27136e95/c/a/cakes-black-forest.jpg
10083,cake,blue velvet cake,41.95,"A moist ""blue"" vanilla cake with cream cheese filling and topping,",https://www.carouselcakes.com/media/catalog/product/cache/1/thumbnail/120x150/9df78eab33525d08d6e5fb8d27136e95/c/a/cakes-blue-velvet_3.jpg
10084,pie,blueberry crumb pie,26.95,We've baked luscious blueberries in a flaky homemade cookie pie crust all topped with streusel crumbs.,https://www.carouselcakes.com/media/catalog/product/cache/1/thumbnail/120x150/9df78eab33525d08d6e5fb8d27136e95/p/i/pie-blue-crumb.jpg
10085,cake,brownie cheese cake,39.95,"We bake our cheesecake on top of a moist, rich chocolate brownie.",https://www.carouselcakes.com/media/catalog/product/cache/1/thumbnail/120x150/9df78eab33525d08d6e5fb8d27136e95/c/a/cakes-brownie-cheesecake.jpg
10086,cake,cannoli cake,41.95,"A unique spin on the cannoli, this vanilla cake is filled with rich cannoli filling and topped with our delicious buttercream frosting and almond slivers.",https://www.carouselcakes.com/media/catalog/product/cache/1/thumbnail/120x150/9df78eab33525d08d6e5fb8d27136e95/c/a/cakes-cannoli.jpg
10087,pie,cherry crumb pie,26.95,We've baked delicious sweet cherries in a flaky homemade cookie pie crust all topped with streusel crumbs.,https://www.carouselcakes.com/media/catalog/product/cache/1/thumbnail/120x150/9df78eab33525d08d6e5fb8d27136e95/p/i/pie-cherry-crumb.jpg
10088,cake,chocolate mousse supreme,39.95,"Chocolate, chocolate, and more chocolate!",https://www.carouselcakes.com/media/catalog/product/cache/1/thumbnail/120x150/9df78eab33525d08d6e5fb8d27136e95/c/a/cakes-mousse-supreme.jpg
10089,cake,chocolate outrage cake,39.95,Three layers of moist chocolate cake filled with creamy chocolate fudge.,https://www.carouselcakes.com/media/catalog/product/cache/1/thumbnail/120x150/9df78eab33525d08d6e5fb8d27136e95/c/a/cakes-choc-outrage.jpg
10090,cake,chocolate raspberry cake,39.95,The only way to describe this moist chocolate cake with raspberry filling and fudge on top besides yum is simple elegance.,https://www.carouselcakes.com/media/catalog/product/cache/1/thumbnail/120x150/9df78eab33525d08d6e5fb8d27136e95/c/a/cakes-choc-rasp.jpg
10091,cake,chocolate chocolate chip cake,39.95,We fill this popular chocolate layer cake with fudge and chocolate chips.,https://www.carouselcakes.com/media/catalog/product/cache/1/thumbnail/120x150/9df78eab33525d08d6e5fb8d27136e95/c/a/cakes-choc-chip.jpg
10092,pie,coconut custard pie,26.95,"The secret to our creamy custard is in the eggs. From the freshest eggs to the perfect amount of coconut,",https://www.carouselcakes.com/media/catalog/product/cache/1/thumbnail/120x150/9df78eab33525d08d6e5fb8d27136e95/p/i/pie-coconut.jpg
10093,cake,coconut snowball cake,41.95,"Toasted coconut covered snowball cake,",https://www.carouselcakes.com/media/catalog/product/cache/1/thumbnail/120x150/9df78eab33525d08d6e5fb8d27136e95/c/a/cakes-coconut-snowball.jpg
10094,cake,drizzle layer cake,39.95,This popular vanilla cake is filled with chocolate mousse and finished with rich vanilla buttercream with chocolate drizzled on top.,https://www.carouselcakes.com/media/catalog/product/cache/1/thumbnail/120x150/9df78eab33525d08d6e5fb8d27136e95/c/a/cakes-original-drizzle.jpg
10095,cake,flourless chocolate truffle,39.95,This delightful flourless dessert is topped with chocolate ganache to create a flour-free winner!,https://www.carouselcakes.com/media/catalog/product/cache/1/thumbnail/120x150/9df78eab33525d08d6e5fb8d27136e95/c/a/cakes-choc-truffle.jpg
10096,cake,german chocolate cake,39.95,"We complete this perfect ensemble of three light chocolate layers separated by a sensational buttery blend of coconut and pecans, with a thick fudge and more rich pecan coconut filling.",https://www.carouselcakes.com/media/catalog/product/cache/1/thumbnail/120x150/9df78eab33525d08d6e5fb8d27136e95/c/a/cakes-german-choc.jpg
10097,cake,heart chocolate mousse supreme,39.95,Festive valentine confetti and hand made edible red chocolate hearts,https://www.carouselcakes.com/media/catalog/product/cache/1/thumbnail/120x150/9df78eab33525d08d6e5fb8d27136e95/h/e/heart-mousse.jpg
10098,cake,heart red velvet cake,41.95,"it's the southern classic surrounded by pink,white and red sprinkles",https://www.carouselcakes.com/media/catalog/product/cache/1/thumbnail/120x150/9df78eab33525d08d6e5fb8d27136e95/h/e/heart_red_velvet.jpg
10099,cake,holiday carrot spice layer cake,39.95,"It should be called ""Carrot Pineapple Raisin Walnut Coconut Cream Cheesecake"". It has it all. Topped with a wonderful cream cheese icing,",https://www.carouselcakes.com/media/catalog/product/cache/1/thumbnail/120x150/9df78eab33525d08d6e5fb8d27136e95/h/o/holiday-carrot-spice.jpg
10100,cake,holiday cheesecake,39.95,"Our famous NY cheesecake, decorated for the holidays in spectacular fashion!",https://www.carouselcakes.com/media/catalog/product/cache/1/thumbnail/120x150/9df78eab33525d08d6e5fb8d27136e95/h/o/holiday-cheesecake.jpg
10101,cake,holiday chocolate outrage,39.95,"Three layers of moist chocolate cake filled with creamy chocolate fudge,",https://www.carouselcakes.com/media/catalog/product/cache/1/thumbnail/120x150/9df78eab33525d08d6e5fb8d27136e95/h/o/holiday-chocolate-outrage.jpg
10102,cake,holiday chocolate truffle,39.95,The finest pure semi sweet chocolate blended evenly with fresh whole eggs and butter topped with chocolate ganache.,https://www.carouselcakes.com/media/catalog/product/cache/1/thumbnail/120x150/9df78eab33525d08d6e5fb8d27136e95/h/o/holiday-chocolate-truffle.jpg
10103,cake,holiday coconut snowball cake,39.95,Coconut covered snowball cake,https://www.carouselcakes.com/media/catalog/product/cache/1/thumbnail/120x150/9df78eab33525d08d6e5fb8d27136e95/h/o/holiday-coconut-snowball.jpg
10104,cake,holiday red velvet cake,41.95,"The Southern classic...Dressed for the Holidays...smooth as velvet,",https://www.carouselcakes.com/media/catalog/product/cache/1/thumbnail/120x150/9df78eab33525d08d6e5fb8d27136e95/h/o/holiday-red-velvet-cake.jpg
10105,cake,marble cheese cake,39.95,"We've taken our smooth NY cheesecake, placed it on a base of chocolate cake and swirled it with ribbons of rich dark chocolate.",https://www.carouselcakes.com/media/catalog/product/cache/1/thumbnail/120x150/9df78eab33525d08d6e5fb8d27136e95/c/a/cakes-marble-cheesecake.jpg
10106,cake,napoleon cake,39.95,Rich custard sits on flaky puffed pastry dough in this round version of the traditional italian Napoleon.,https://www.carouselcakes.com/media/catalog/product/cache/1/thumbnail/120x150/9df78eab33525d08d6e5fb8d27136e95/c/a/cakes-napoleon.jpg
10107,cake,new york blackout cake,39.95,Our moist chocolate cake is infused with creamy old-fashioned dark chocolate pudding.,https://www.carouselcakes.com/media/catalog/product/cache/1/thumbnail/120x150/9df78eab33525d08d6e5fb8d27136e95/c/a/cakes-blackout.jpg
10108,cake,new york cheese cake,39.95,Melt in your mouth goodness! We make our cheesecakes with the finest cheese and freshest ingredients,https://www.carouselcakes.com/media/catalog/product/cache/1/thumbnail/120x150/9df78eab33525d08d6e5fb8d27136e95/c/a/cakes-ny-cheesecake.jpg
10109,cake,"nonpareil ""giggle"" cake",39.95,"Our moist chocolate cake is covered and filled with pastel buttercream,",https://www.carouselcakes.com/media/catalog/product/cache/1/thumbnail/120x150/9df78eab33525d08d6e5fb8d27136e95/n/o/nonpareil-cake-lg.jpg
10110,cake,oprah red velvet cake,41.95,"this mild chocolate flavored cake in a perfectly beautiful shade of rich red is topped with a pure, thick cream cheese frosting.",https://www.carouselcakes.com/media/catalog/product/cache/1/thumbnail/120x150/9df78eab33525d08d6e5fb8d27136e95/c/a/cakes-red-velvet_2.jpg
10111,cake,oreo and cream cake,39.95,Our moist chocolate cake is topped and filled with our rich vanilla buttercream and crunchy bits of Oreo cookies;,https://www.carouselcakes.com/media/catalog/product/cache/1/thumbnail/120x150/9df78eab33525d08d6e5fb8d27136e95/c/a/cakes-oreo.jpg
10112,pie,peach crumb pie,26.95,We've baked tasty cling peaches in a flaky homemade cookie pie crust all topped with streusel crumbs.,https://www.carouselcakes.com/media/catalog/product/cache/1/thumbnail/120x150/9df78eab33525d08d6e5fb8d27136e95/p/i/pie-peach-crumb.jpg
10113,pie,pecan pie,26.95,"We recommend you taste this sweet Southern specialty made with dark karo syrup, whole pecans, and a homemade crust.",https://www.carouselcakes.com/media/catalog/product/cache/1/thumbnail/120x150/9df78eab33525d08d6e5fb8d27136e95/p/i/pie-pecan.jpg
10114,pie,pumpkin cheese pie,26.95,We've taken our traditional pumpkin pie and made it extra special by resting it on a layer of our NY cheesecake.,https://www.carouselcakes.com/media/catalog/product/cache/1/thumbnail/120x150/9df78eab33525d08d6e5fb8d27136e95/p/i/pie-pumpkin-cheese.jpg
10115,pie,pumpkin pie,26.95,The ideal mix of spices makes our pumpkin pie delectable.,https://www.carouselcakes.com/media/catalog/product/cache/1/thumbnail/120x150/9df78eab33525d08d6e5fb8d27136e95/p/i/pie-pumpkin.jpg
10116,cake,rocky road cake,39.95,"We combine three types of chocolate with marshmallows, chocolate chips, and nuts",https://www.carouselcakes.com/media/catalog/product/cache/1/thumbnail/120x150/9df78eab33525d08d6e5fb8d27136e95/c/a/cakes-rocky-road.jpg
10117,cake,shadow layer cake,39.95,"Our moist vanilla cake is complemented by thick fudge inside and out,",https://www.carouselcakes.com/media/catalog/product/cache/1/thumbnail/120x150/9df78eab33525d08d6e5fb8d27136e95/c/a/cakes-shadow.jpg
10118,cake,silhouette cheese cake,39.95,"We've layered chocolate cheesecake on top of our creamy NY cheesecake, wrapped it in chocolate ganache,",https://www.carouselcakes.com/media/catalog/product/cache/1/image/800x750.666666667/9df78eab33525d08d6e5fb8d27136e95/c/a/cakes-silhouette-cheesecake.jpg
10119,cake,"sprinkle ""happy"" cake",39.95,"Our moist vanilla cake is covered and filled with pastel buttercream, then it’s surrounded by colorful sprinkles.",https://www.carouselcakes.com/media/catalog/product/cache/1/thumbnail/120x150/9df78eab33525d08d6e5fb8d27136e95/c/a/cakes-happy.jpg
10120,cake,strawberry shortcake,39.95,This summertime favorite combines our light vanilla chiffon with a mixture of strawberries and rich strawberry preserves,https://www.carouselcakes.com/media/catalog/product/cache/1/thumbnail/120x150/9df78eab33525d08d6e5fb8d27136e95/c/a/cakes-strawberry-shortcake.jpg
12121,cake,tiramisu,39.95,"We start with ladyfingers soaked in espresso, layers of sweet mascarpone cheese, espresso, and liqueurs",https://www.carouselcakes.com/media/catalog/product/cache/1/thumbnail/120x150/9df78eab33525d08d6e5fb8d27136e95/c/a/cakes-tiramisu.jpg
10122,pie,tollhouse pie,26.95,"We take our flaky cookie crust and fill it to the top with chocolate chip cookie dough, walnuts, and brown sugar.",https://www.carouselcakes.com/media/catalog/product/cache/1/thumbnail/120x150/9df78eab33525d08d6e5fb8d27136e95/p/i/pie-tollhouse.jpg
10123,cake,trio mousse cake,39.95,"This dessert starts with four layers of chocolate cake. We then fill it with a layer each of dark, milk and white chocolate mousses,",https://www.carouselcakes.com/media/catalog/product/cache/1/thumbnail/120x150/9df78eab33525d08d6e5fb8d27136e95/c/a/cakes-trio-mousse.jpg
10124,cake,turtle cheesecake,39.95,"We've transformed our rich, creamy New York cheesecake into a decadent dessert by topping it with caramel, pecans, and chocolate.",https://www.carouselcakes.com/media/catalog/product/cache/1/thumbnail/120x150/9df78eab33525d08d6e5fb8d27136e95/c/a/cakes-turtle-cheesecake.jpg
10125,cake,chocolate mousse torte cake,42.95,Our best selling chocolate cake with mousse filling and fudge rosettes - the very definition of gourmet!,https://www.bakemeawish.com/images/cake/gift/23_1.png
10126,cake,red velvet chocolate cake,42.95,A southern classic - red velvet chocolate and cream cheese frosting to die for!,https://www.bakemeawish.com/images/cake/gift/25_1.png
10127,cake,triple chocolate enrobed brownie cake,39.95,Rich and dense fudgy brownie cake covered in oodles of milk and dark chocolate!,https://www.bakemeawish.com/images/cake/gift/26_1.png
10128,cake,tiramisu classico cake,44.95,"The mocha and cream classic cake, filled with a marscapone custard",https://www.bakemeawish.com/images/cake/gift/21_1.png
10129,cake,vanilla bean cake ,42.95,"Dreamy, creamy vanilla cakes with whipped vanilla mousse and buttercream frosting!",https://www.bakemeawish.com/images/cake/gift/20_1.png
10130,cake,black and white mousse cake,42.95,This delicious fusion of chocolate and vanilla flavor will make your taste buds explode!,https://www.bakemeawish.com/images/cake/gift/71_1.png
10131,cake,golden fudge celebration cake,42.95,Celebrate your loved ones in style with yummy yellow cake and rich fudge frosting with rainbow candies!,https://www.bakemeawish.com/images/cake/gift/238_1.png
10132,cake,flourless chocolate cake,44.95,A delectable fudgy chocolate cake with a layer of frosting and chocolate shavings.,https://www.bakemeawish.com/images/cake/full/414.jpg
10133,cake,carrot cake,42.95,"A best selling delight with plump raisins, walnuts and rich Cream Cheese frosting.",https://www.bakemeawish.com/images/cake/gift/22_1.png
10134,cake,cookie dough cake,42.95,A favorite sweet treat! Delicious flavors blend to give you that cookie dough taste!,https://www.bakemeawish.com/images/cake/gift/463_1.png
10135,cake,cannoli cake,42.95,An Italian Favorite! Creamy mascarpone frosting sits atop a delicious two layer cake,https://www.bakemeawish.com/images/cake/gift/464_1.png
10136,cake,dulce de leche cake,42.95,The classic Latin flavor in a cake form!,https://www.bakemeawish.com/images/cake/gift/466_1.png
10137,cake,cookies and cream brownie cake,39.95,Fudgy Brownie cake topped your favorite childhood sandwich cookies and ribbons of milk and white chocolate,https://www.bakemeawish.com/images/cake/gift/31_1.png
10138,cake,german chocolate cake,42.95,"Decadent chocolate cake topped with caramel, pecans and coconut - a fantastic mixture of flavors!",https://www.bakemeawish.com/images/cake/full/101.jpg
10139,cake,strawberry shortcake,44.95,Yummy yellow cake with delicious strawberry filling and creamy mousse frosting!,https://www.bakemeawish.com/images/cake/gift/27_1.png
10140,cake,new york cheese cake,39.95,"The Original! NY cheesecake recipe, served atop a buttery graham cracker crust.",https://www.bakemeawish.com/images/cake/full/16.jpg
10141,cake,chocolate truffle lava cakes,39.95,GLUTEN FREE! Warm chocolate ganache flows freely from the centers of these moist chocolate cakes.,https://www.bakemeawish.com/images/cake/full/58.jpg
10142,cake,boston cream cake,42.95,A gourmet original - yellow cake with vanilla custard filling and rich chocolate icing.,https://www.bakemeawish.com/images/cake/gift/35_1.png
10143,cake,colossal chocolate happy birthday sheet cake,109.99,"3 giant layers of dreamy chocolate cake and creamy fudge frosting, serves up to 24",https://www.bakemeawish.com/images/cake/gift/381_1.png
10144,cake,rainbow cake,49.99,A delicious blend of 5 colorful layers of fruity flavored cake and delectable frosting!,https://www.bakemeawish.com/images/cake/gift/474_1.png
10145,cake,blackout cake,44.99,Deep rich chocolate flavor that will blackout your tastebuds!,https://www.bakemeawish.com/images/cake/full/475.jpg
10146,cake,lemon coconut cake,49.99,A sensational taste combination - yummy lemon and coconut cake!,https://www.bakemeawish.com/images/cake/full/476.jpg
10147,cake,chocolate cake,64.99,"Our delicious chocolate cake in a 10"" round version! Great for parties!",https://www.bakemeawish.com/images/cake/gift/563_1.png
10148,cake,vesuvius cake,44.99,"An eruption of taste awaits with this chocolate covered cheesecake topped with ribbons of milk, dark and white chocolate.",https://www.bakemeawish.com/images/cake/full/316.jpg
10149,cake,red velvet cake,64.99,Our delectable Red Velvet cake in a 10-inch version!,https://www.bakemeawish.com/images/cake/gift/565_1.png
10150,cake,limoncello cake,39.95,Scrumptious yellow cake with lemon cream filling covered in delicious cake crumbs.,https://www.bakemeawish.com/images/cake/full/317.jpg
10151,cake,carrot cake,64.99,A delicious 10 inch carrot cake with cream cheese frosting!,https://www.bakemeawish.com/images/cake/gift/590_1.png
10152,cake,red velvet brownie cake,39.95,"Rich, marbled, red velvet brownie cake is covered by a sophisticated and delicious icing.",https://www.bakemeawish.com/images/cake/full/330.jpg
10153,cake,rainbow cake,74.99,A delicious 10-inch version of our popular Rainbow Cake!,https://www.bakemeawish.com/images/cake/gift/586_1.png
10154,cake,colossal red velvet happr birthday sheet cake,109.99,"A giant 3 layer red velvet cake and dreamy whipped frosting, serves up to 24",https://www.bakemeawish.com/images/cake/gift/382_1.png
10155,cake,marble brownie cake,39.95,Rich fudge marbled brownie base is covered with a velvety chocolate fudge swirl.,https://www.bakemeawish.com/images/cake/full/331.jpg
10156,cake,colossal vanilla happy birthday sheet cake,109.99,"3 layers of dreamy Yellow cake and Delicious frosting, serves up to 24",https://www.bakemeawish.com/images/cake/gift/383_1.png
10157,cake,colossal chocolate chip happy birthday sheet cake,109.99,"Three delightful layers of chocolate cake and luscious vanilla frosting, serves up to 24",https://www.bakemeawish.com/images/cake/gift/385_1.png
10158,cake,peanut butter cup cheesecake,42.95,An outrageous chocolate cheesecake for the peanut butter lovers out there!,https://www.bakemeawish.com/images/cake/full/336.jpg
10159,cake,cookies and cream cheesecake,42.95,Cheesecake topped with cookies and cream and a whimsical fudge swirl.,https://www.bakemeawish.com/images/cake/full/375.jpg
10160,cake,brownie cheese cake,42.95,Scrumptious Chocolate Cheesecake topped with Brownies and Fudge,https://www.bakemeawish.com/images/cake/full/480.jpg
10161,cake,chocolate chip cheesecake,42.95,A rich and special cheesecake with chocolate chips.,https://www.bakemeawish.com/images/cake/full/374.jpg
10162,cake,black forest cheesecake,42.95,Delicious chocolate cheesecake with cherry cheesecake filling and topped with cherries and chocolate curls!,https://www.bakemeawish.com/images/cake/full/337.jpg
10163,cake,raspberry hazelnut cheesecake,42.95,"A sweet sensation! Raspberry cheesecake topped with hazelnut frosting, real hazelnuts and raspberry drizzle!",https://www.bakemeawish.com/images/cake/full/338.jpg
10164,cake,viennese coffee cake - granny apple,34.99,"Moist and delicious yellow cake is amply coated with cinnamon, nuts, sugar with delicious apple chunks.",https://www.bakemeawish.com/images/cake/full/44.jpg
10165,cake,viennese coffee cake - cinnamon,34.99,"Made with our freshest ingredients, this yellow cake is delightfully moist and covered in cinnamon and sugar.",https://www.bakemeawish.com/images/cake/full/38.jpg
10166,cake,viennese coffee cake - chocolate,34.99,Moist chocolate coffee cake loaded with crunchy walnuts for added texture and taste.,https://www.bakemeawish.com/images/cake/full/51.jpg
10167,cake,viennese coffee cake - pumpkin,34.99,Our Pumpkin Coffee Cake is marbled with a delicious ribbon of pumpkin to prepare the taste buds for the season.,https://www.bakemeawish.com/images/cake/full/138.jpg
10168,cake,viennese coffee cake - cinnamon and walnuts,34.99,"Moist and delicious coffee cake coated in a cinnamon, sugar and walnuts.",https://www.bakemeawish.com/images/cake/full/37.jpg
10169,cake,viennese coffee cake - raspberry,34.99,Recipients will delight in the sweet raspberry taste of this moist Viennese Coffee Cake!,https://www.bakemeawish.com/images/cake/full/43.jpg
10170,cake,the freedom cake,75,Send a birthday cake to a soldier overseas with the heart-felt donation cake,https://www.bakemeawish.com/images/cake/gift/39_1.png
10171,cookie,sable fench cookie tin,34.99,Our delectable sable butter cookies take us on a trip to France without leaving the house!,https://www.bakemeawish.com/images/cake/full/332.jpg
10172,cookie,double fudge chocolate cookies,29.99,"A delicious set of one dozen large-size double fudge chocolate chip cookies, individually wrapped!",https://www.bakemeawish.com/images/cake/full/483.jpg
10173,cookie,one dozen assorted gourmet cookies,27.5,A delectable assortment of one dozen Gourmet Cookies wrapped in sets of 2,https://www.bakemeawish.com/images/cake/full/102.jpg
10174,cookie,happy birthday! mini cookie tin,29.99,"4 dozen delicious mini-cookies, perfect for a Happy Birthday surprise!",https://www.bakemeawish.com/images/cake/full/485.jpg
10175,cookie,thank you! mini cookie tin,29.99,Our delicious set of mini cookies is now available to send an extraordinary Thank you!,https://www.bakemeawish.com/images/cake/full/486.jpg
10176,cookie,two dozen assorted gourmet cookies,37.5,Two Dozen of our delectable Gourmet Cookies in six assorted flavors!,https://www.bakemeawish.com/images/cake/full/103.jpg
10177,pie,country apple pie,39.95,Dense and delicious with big chunks of apple in a flaky crust - taste like homemade!,https://www.bakemeawish.com/images/cake/full/327.jpg
10178,pie,key lime pie,44.99,Delicious Meringue combined with a key lime custard is so refreshing during the long days of summer.,https://www.bakemeawish.com/images/cake/full/473.jpg
10179,pie,chocolate mousse pie,42.95,An amazing chocolate adventure for your taste buds - rich & creamy at its best!,https://www.bakemeawish.com/images/cake/full/482.jpg
10180,pie,bountiful blueberry pie,39.95,"A true classic, this Blueberry pie is filled to the brim and encased with a tasty crust",https://www.bakemeawish.com/images/cake/full/371.jpg
10181,tart,mixed berry tart,42.95,"Rich butter crumb meets fresh blueberries, raspberries, strawberries, and blackberries in this fresh creation!",https://www.bakemeawish.com/images/cake/full/478.jpg
10182,pie,sour cherry pie,39.95,A deliciously sour cherry pie - perfect for picnics and fun!,https://www.bakemeawish.com/images/cake/full/373.jpg
10183,pie,strawberry rhubarb pie,39.95,Succulent Strawberry Rhubarb Pie delivered right to your loved ones door!,https://www.bakemeawish.com/images/cake/full/372.jpg
10184,pie,coconut custard pie,42.95,Creamy egg custard is combined with shredded coconut in a delicate flaky pie crust.,https://www.bakemeawish.com/images/cake/full/335.jpg
10185,pie,four cheese quiche,39.95,"Savory custard pie with a robust blend of Swiss, cheddar, mozzarella and parmesan cheeses",https://www.bakemeawish.com/images/cake/full/240.jpg
10186,pie,florentine quiche,39.95,"Delicately seasoned creamy egg custard swirled with Swiss cheese, spinach, onions, red peppers and tomatoes",https://www.bakemeawish.com/images/cake/full/244.jpg
10187,pie,bacon tomato quiche,39.95,"Savory, delicately seasoned creamy egg custard swirled with Cheddar cheese, bacon crumbles",https://www.bakemeawish.com/images/cake/full/251.jpg
10188,cake,mini assorted gourmet cupcakes,39.95,An outstanding one-dozen assortment of the most outstanding flavors in gourmet cupcakes.,https://www.bakemeawish.com/images/cake/full/268.jpg
10189,cake,mini birthday cupcakes,39.95,A delicious one dozen set of mini cupcakes adorned with happy birthday candies!,https://www.bakemeawish.com/images/cake/full/311.jpg
10190,cake,jumbo birthday cupcakes,39.95,An excellent gift for a milestone birthday -these JUMBO cupcakes arrive in a gift box with Happy Birthday right on the cupcake.,https://www.bakemeawish.com/images/cake/full/312.jpg
10191,cake,jumbo chocolate lovers cupcakes,39.95,"Delicious Signature Chocolate Lover's Cupcakes, a chocolate lover's fantasy!",https://www.bakemeawish.com/images/cake/full/370.jpg
10192,cake,mini chicolate lovers cupcakes,39.95,A delectable One-Dozen assortment of the finest chocolate themed mini cupcakes around!,https://www.bakemeawish.com/images/cake/full/324.jpg
10193,cake,mini rainbows and unicorns cupcakes,42.95,One Dozen mini magical rainbows and unicorn cupcakes!,https://www.bakemeawish.com/images/cake/full/365.jpg
10194,cake,mini tutti frutti cupcakes,39.95,A one dozen cornucopia of fruit flavored cupcakes for the Fruit Lovers out there!,https://www.bakemeawish.com/images/cake/full/364.jpg
10195,cake,jumbo gourmet assorted cupcakes,39.95,The BEST of the BEST in these large gourmet cupcakes - begging to be shared - please don't eat one by yourself!,https://www.bakemeawish.com/images/cake/full/269.jpg
10196,cake,jumbo sundae cupcakes,39.95,Enjoy the fantastic taste of your favorite ice cream sundae in cupcake form!,https://www.bakemeawish.com/images/cake/full/399.jpg
10197,cake,jumbo diva cupcakes,39.95,Get a taste of Girl Power with these delicious signature cupcakes!,https://www.bakemeawish.com/images/cake/full/367.jpg
10198,cookie,assorted jumbo brownie sampler,39.99,An 8 piece selection of scrumptious brownies that are sure to be a crowd pleaser.,https://www.bakemeawish.com/images/cake/full/104.jpg
10199,cookie,one dozen assorted jumbo brownies,49.99,A scrumptious selection of Brownies in six Gourmet Flavors!,https://www.bakemeawish.com/images/cake/full/105.jpg
10200,cookie,assorted jumbo brownies and one dozen cookies,59.99,Combine our Delicious Brownies and Cookies for a Bakery Combo beyond Compare!,https://www.bakemeawish.com/images/cake/full/116.jpg
10201,cake,cheesecake party wheel,44.99,This cheesecake sampler is the perfect way to enjoy four delightful varieties of a classic dessert.,https://cdn1.harryanddavid.com/wcsstore/HarryAndDavid/images/catalog/snipes/Ships2day_thumb_pre_c.gif
10202,cake,pineapple macadamia nut cake,19.99,"Golden and delectable, this irresistible Pineapple Macadamia Nut Cake is made with the finest ingredients",https://cdn2.harryanddavid.com/wcsstore/HarryAndDavid/images/catalog/15_50165_75c_01ec.jpg
10203,cake,ultimate carrot cake,49.99,"This amazing cake consists of two layers of our original carrot cake, made with the perfect blend of spices",https://cdn1.harryanddavid.com/wcsstore/HarryAndDavid/images/catalog/snipes/Ships2day_thumb_pre_c.gif
10204,cake,cheesecake factory sampler cheesecake,89.99,Enjoy four of your favorite flavors of The Cheesecake Factory® cheesecake together in one sampler.,https://cdn1.harryanddavid.com/wcsstore/HarryAndDavid/images/catalog/snipes/FreeShippingCheckThumbWhack_c.gif
10205,cake,blueberry coffee cake,24.99,"Add some luxury to breakfast, teatime, and dessert with our Blueberry Coffee Cake.",https://cdn2.harryanddavid.com/wcsstore/HarryAndDavid/images/catalog/14_7103_61a_01ec.jpg
10206,cake,"cheesecake factory original cheesecake - 7""",49.99,"With a crust of crushed graham crackers and a delicious, creamy filling, this cheesecake is simple but extravagant.",https://cdn1.harryanddavid.com/wcsstore/HarryAndDavid/images/catalog/snipes/FreeShippingCheckThumbWhack_c.gif
10207,cake,royal touch mint chocolate cake,69.99,"mint chocolate, a timelessly classic flavor combination, gets ""The Royal Touch""",https://cdn1.harryanddavid.com/wcsstore/HarryAndDavid/images/catalog/snipes/Ships2day_thumb_pre_c.gif
10208,cake,"cheesecake factory celebration cheesecake - 10""",89.99,"Stacked high with layers of original cheesecake; vanilla cake; and strawberry, chocolate, and vanilla mousse",https://cdn1.harryanddavid.com/wcsstore/HarryAndDavid/images/catalog/snipes/FreeShippingCheckThumbWhack_c.gif
10209,cake,chocolate birthday cake,44.99,"Made with rich dark chocolate and butter, this decadent treat is crafted in our own bakery",https://cdn1.harryanddavid.com/wcsstore/HarryAndDavid/images/catalog/snipes/Ships2day_thumb_pre_c.gif
10210,cake,"cheesecake factory chocolate mousse cheesecake - 7""",49.99,"simple, classic, and delicious,blending a rich chocolate cheesecake with smooth and fluffy Belgian chocolate mousse in a chocolate crust.",https://cdn1.harryanddavid.com/wcsstore/HarryAndDavid/images/catalog/snipes/FreeShippingCheckThumbWhack_c.gif
10211,cake,signature tea cakes assortment,29.99,"Enjoy the satisfying tastes of dense, moist tea cakes bursting with incredible flavor",https://cdn1.harryanddavid.com/wcsstore/HarryAndDavid/images/catalog/18_29111_30VA_01ec.jpg
10212,cake,"cheesecake factory original cheesecake - 10""",69.99,"With a crust of crushed graham crackers and a delicious, creamy filling, this cheesecake is simple but extravagant.",https://cdn1.harryanddavid.com/wcsstore/HarryAndDavid/images/catalog/snipes/FreeShippingCheckThumbWhack_c.gif
10213,cake,"cheesecake factory ultimate red velvet cheesecake - 7""",69.99,Alternating layers of cheesecake and moist red velvet cake make the Ultimate Red Velvet Cake Cheesecake,https://cdn1.harryanddavid.com/wcsstore/HarryAndDavid/images/catalog/snipes/FreeShippingCheckThumbWhack_c.gif
10214,cake,strawberry blueberry cake,34.99,a house-made blueberry filling and a premium strawberry filling are nestled between three layers of fluffy vanilla cake.,https://cdn1.harryanddavid.com/wcsstore/HarryAndDavid/images/catalog/snipes/Ships2day_thumb_pre_c.gif
10215,cake,signature new york style cheesecake,24.99,"this classic cheesecake has a silky texture and a rich, sweet flavor that pairs well with fresh fruit or a drizzle of warm chocolate.",https://cdn1.harryanddavid.com/wcsstore/HarryAndDavid/images/catalog/snipes/Ships2day_thumb_pre_c.gif
10216,cake,lemon bundt cake with raspberry cheesecake filling,34.99,Indulge in the absolute delight of a sweet and fruity lemon Bundt cake filled with a sweet surprise.,https://cdn1.harryanddavid.com/wcsstore/HarryAndDavid/images/catalog/snipes/Ships2day_thumb_pre_c.gif
10217,pie,peach and berry pie,39.99,"An American classic, our deep-dish, country-style Peach and Berry Pie arrives ready to thaw and serve.",https://cdn1.harryanddavid.com/wcsstore/HarryAndDavid/images/catalog/snipes/buy_one_get_one_c.gif
10218,cake,chocolate dipped cupcakes,49.99,"When an occasion needs a celebration, nothing quite satisfies like soft, perfectly moist chocolate-dipped cupcakes",https://cdn1.harryanddavid.com/wcsstore/HarryAndDavid/images/catalog/snipes/overlay_shipsOvernight_thumb_pre_c.gif
10219,cake,traditional fruit cake,29.99,"dense, delicious fruitcake that's hard to resist.",https://cdn2.harryanddavid.com/wcsstore/HarryAndDavid/images/catalog/16_30435_30VA_01ec.jpg
10220,pie,gluten-free marion berry pie,34.99,"Our gluten-free desserts are just as delicious as anything else,",https://cdn1.harryanddavid.com/wcsstore/HarryAndDavid/images/catalog/snipes/Ships2day_thumb_pre_c.gif
10221,cake,cheesecake cupcakes,29.99,Each of the six cupcakes in this delightful dessert delivery is like a perfectly crafted cheesecake unto itself.,https://cdn1.harryanddavid.com/wcsstore/HarryAndDavid/images/catalog/snipes/Ships2day_thumb_pre_c.gif
10222,cake,snack cupcakes,49.99,Sweet and salty flavors come together perfectly to make these uniquely delicious cupcakes,https://cdn1.harryanddavid.com/wcsstore/HarryAndDavid/images/catalog/snipes/overlay_shipsOvernight_thumb_pre_c.gif
10223,cake,chocolate decadence cake,19.99,"Our Chocolate Decadence Cake is rich, with an almost fudge-like consistency,",https://cdn1.harryanddavid.com/wcsstore/HarryAndDavid/images/catalog/1540_20670c.jpg
10224,cake,chocolate rose heart cakes,29.99,"Crafted in our bakery, these two decadent cakes are baked into heart shapes and topped with a rich buttercream frosting",https://cdn1.harryanddavid.com/wcsstore/HarryAndDavid/images/catalog/snipes/Ships2day_thumb_pre_c.gif
10225,cake,ultimate chocolate cake,49.99,A layer of rich brownie fudge cake and a layer of our famous New York-style cheesecake are separated by delicious fudge filling.,https://cdn1.harryanddavid.com/wcsstore/HarryAndDavid/images/catalog/snipes/Ships2day_thumb_pre_c.gif
10226,cake,"cheesecake factory oreo dream extreme cheesecake - 7""",69.99,OREO® cookies baked into a rich cheesecake filling,https://cdn1.harryanddavid.com/wcsstore/HarryAndDavid/images/catalog/snipes/FreeShippingCheckThumbWhack_c.gif
10227,cake,moose munch cheesecake,29.99,This New York-style cheesecake is crafted with chocolate chips and caramel swirled into the batter and is baked atop a chocolate crumb crust,https://cdn1.harryanddavid.com/wcsstore/HarryAndDavid/images/catalog/snipes/Ships2day_thumb_pre_c.gif
10228,cake,birthday cake pops,49.99,These Birthday Cake Pops are a sweet idea for making someone's special day even more memorable.,https://cdn1.harryanddavid.com/wcsstore/HarryAndDavid/images/catalog/snipes/overlay_shipsOvernight_thumb_pre_c.gif
10229,cake,"lemon raspberry cheesecake - 7""",59.99,"raspberry-vanilla cake and raspberry ladyfinger cookies, with a creamy lemon cheesecake filling.",https://cdn1.harryanddavid.com/wcsstore/HarryAndDavid/images/catalog/snipes/FreeShippingCheckThumbWhack_c.gif
10230,cake,orange creamsicle cake,59.99,Three layers of orange-flavored cake are stacked together with layers of vanilla buttercream icing,https://cdn1.harryanddavid.com/wcsstore/HarryAndDavid/images/catalog/snipes/Ships2day_thumb_pre_c.gif
10231,cake,hummingbird cake,49.99,"Two moist cake layers are made with banana, pineapple, pecans, and cinnamon, and then frosted by hand and decorated with decadent cream cheese frosting",https://cdn1.harryanddavid.com/wcsstore/HarryAndDavid/images/catalog/snipes/Ships2day_thumb_pre_c.gif
10232,cake,honeybell cheesecake,39.99,this citrus cheesecake is filled with pieces of juicy mandarin oranges and baked in a graham cracker crust.,https://cdn1.harryanddavid.com/wcsstore/HarryAndDavid/images/catalog/snipes/Ships2day_thumb_pre_c.gif
10233,cake,raspberry cheesecake,29.99,New York-style cheesecake and hand-swirled raspberry fruit filling,https://cdn1.harryanddavid.com/wcsstore/HarryAndDavid/images/catalog/snipes/Ships2day_thumb_pre_c.gif
10234,cake,cinnamon sour cream coffee cake,24.99,Redolent with the scent of cinnamon and crafted here in our own bakery,https://cdn2.harryanddavid.com/wcsstore/HarryAndDavid/images/catalog/15_7106_61a_01ec.jpg
10235,cake,flag cake,49.99,This all-American summer cake has three layers of fluffy vanilla cake separated by luscious strawberry and blueberry filling.,https://cdn1.harryanddavid.com/wcsstore/HarryAndDavid/images/catalog/snipes/Ships2day_thumb_pre_c.gif
10236,cake,lemon poppyseed bundt cake,24.99,"Working in small batches, we mix whole eggs, yogurt, and a blend of spices, finishing off with a dash of bright lemon juice in the batter and a lemon glaze on top.",https://cdn1.harryanddavid.com/wcsstore/HarryAndDavid/images/catalog/16_30199_30VA_01ec.jpg
10237,cake,tie-dye celebration cake,49.99,"ach cake is an individual, the ganache frosting is swirled by hand with vibrant colors, and no two are the same.",https://cdn1.harryanddavid.com/wcsstore/HarryAndDavid/images/catalog/snipes/Ships2day_thumb_pre_c.gif
10238,cake,macadamia and salted caramel cake,69.99,with the addition of golden brown sugar and toasted macadamia nuts to add wonderful caramel overtones and a beautifully creamy texture.,https://cdn1.harryanddavid.com/wcsstore/HarryAndDavid/images/catalog/snipes/Ships2day_thumb_pre_c.gif
10239,cake,chocolate biscuit cake,54.99,"This unique cake is created from apricots, figs, pistachios and English biscuits",https://cdn1.harryanddavid.com/wcsstore/HarryAndDavid/images/catalog/snipes/Ships2day_thumb_pre_c.gif
10240,pie,gluten-free apple pie,34.99,"Bursting with fruity apples, brown sugar, and cinnamon",https://cdn1.wolfermans.com/wcsstore/Wolfermans/images/catalog/snipes/wolf_Ships2day_thumb_pre_c.gif
10241,cookie,deluxe signature cookie basket,59.99,Our Deluxe Signature Cookie Basket comes brimming with delicious gourmet cookies crafted in our own bakery.,https://cdn1.harryanddavid.com/wcsstore/HarryAndDavid/images/catalog/15_26634_30e_01ec.jpg
10242,cookie,fruit galette tin,24.99,This keepsake tin brims with delicious galettes crafted with real butter in our own bakery.,https://cdn2.harryanddavid.com/wcsstore/HarryAndDavid/images/catalog/16_31070_30e_01ec.jpg
10243,cookie,thank you cookie gift basket,49.99,filled with delicious creations handcrafted in our bakery,https://cdn1.harryanddavid.com/wcsstore/HarryAndDavid/images/catalog/16_26627_30e_02ec.jpg
10244,cookie,birthday cookie gift basket,44.99,filled with delicious creations handcrafted in our bakery,https://cdn2.harryanddavid.com/wcsstore/HarryAndDavid/images/catalog/16_26627_30e_01ec.jpg
10245,cookie,pick your occasion cookie basket,44.99,filled with delicious creations handcrafted in our bakery,https://cdn2.harryanddavid.com/wcsstore/HarryAndDavid/images/catalog/16_26627_30e_03ec.jpg
10246,cookie,gluten-free cookies,19.99,With uncompromising taste and a chewy texture reminiscent of the best homemade baked goods,https://cdn1.harryanddavid.com/wcsstore/HarryAndDavid/images/catalog/14_50162_61a_01ec.jpg
10247,cookie,get well chocolate-covered cookies,39.99,Send warm wishes with a sweet treat to raise someone's spirits.,https://cdn1.harryanddavid.com/wcsstore/HarryAndDavid/images/catalog/snipes/Ships2day_thumb_pre_c.gif
10248,cookie,thank you chocolate-covered cookie,39.99,"These cookies say ""Thank You,"" written in white chocolate atop a dark and milk Belgian chocolate coating",https://cdn1.harryanddavid.com/wcsstore/HarryAndDavid/images/catalog/snipes/Ships2day_thumb_pre_c.gif
10249,cookie,congrats chocolate-covered cookies,39.99,Go the extra mile and congratulate someone special with more than a card. Cookies go a long way toward showing just how proud of them you are.,https://cdn1.harryanddavid.com/wcsstore/HarryAndDavid/images/catalog/snipes/Ships2day_thumb_pre_c.gif
10250,cookie,chocolate-covered grahams,34.99,"As if the classic crunch of a graham cracker wasn't enough, we've gone and covered it with premium chocolate",https://cdn1.harryanddavid.com/wcsstore/HarryAndDavid/images/catalog/snipes/Ships2day_thumb_pre_c.gif
10251,cookie,chocolate-covered birthday grahams,34.99,these graham crackers are crafted by hand in our Southern Oregon candy kitchen.,https://cdn1.harryanddavid.com/wcsstore/HarryAndDavid/images/catalog/snipes/Ships2day_thumb_pre_c.gif
10252,cookie,belgian chocolate salted caramel cookies,39.99,"Sea salt, caramel, and chocolate are a match made in heaven, and we at Harry & David® know a little something about flavorful pairings.",https://cdn1.harryanddavid.com/wcsstore/HarryAndDavid/images/catalog/snipes/Ships2day_thumb_pre_c.gif
10253,cookie,love chocolate-covered cookies,39.99,Four dark chocolate-covered sandwich cookies are adorned with lettering to spell out L-O-V-E,https://cdn1.harryanddavid.com/wcsstore/HarryAndDavid/images/catalog/snipes/overlay_shipsOvernight_thumb_pre_c.gif
10254,cookie,pick 12 homemade cookies,19.99,Select one dozen cookies from this delectable array of gourmet delights.,https://cdn2.harryanddavid.com/wcsstore/HarryAndDavid/images/catalog/17_24075_30W_07ec.jpg
10255,cookie,pick 24 homemade cookies,34.99,"Choose from a variety of classic and innovative flavors, from homestyle white chocolate raspberry and double chocolate chunk to coconut macaroon and frosted vanilla.",https://cdn2.harryanddavid.com/wcsstore/HarryAndDavid/images/catalog/17_24076_30W_08ec.jpg
10256,cookie,pick 36 homemade cookies,49.99,"Choose from a variety of classic and innovative flavors, from homestyle white chocolate raspberry and double chocolate chunk to coconut macaroon and frosted vanilla.",https://cdn2.harryanddavid.com/wcsstore/HarryAndDavid/images/catalog/17_24077_30W_09ec.jpg
